residue,15N,1H,intensity,titrant,visible
95,114.675,8.53,704177,100,200
116,117.133,6.048,711777,400,200
119,119.575,8.318,716182,1000,200
137,127.538,8.502,742178,100,200
93,126.075,8.606,742778,400,200
93,125.76,8.574,754144,600,200
119,119.462,8.323,761082,600,200
116,117.133,6.048,763016,100,200
92,126.389,9.196,777025,600,200
110,117.278,8.995,781735,400,200
134,120.855,9.04,794614,200,200
80,125.047,8.42,804873,600,200
69,125.561,8.522,804915,200,200
91,126.514,8.545,817478,200,200
138,123.278,8.819,817661,600,200
116,117.133,6.048,827820,200,200
91,125.817,8.558,835240,400,200
69,125.445,8.457,837533,600,200
123,124.018,8.842,843038,600,200
119,119.599,8.317,843382,400,200
91,125.502,8.505,844049,600,200
133,123.175,6.836,859434,200,200
149,120.741,7.908,872904,600,200
110,117.278,8.995,879266,200,200
131,116.28,8.224,881635,1000,200
96,122.124,8.192,908251,200,200
134,121.335,9.033,910610,400,200
92,126.472,9.189,944378,1000,200
131,116.177,8.237,958064,200,200
116,117.096,6.047,958666,35,200
80,125.59,8.438,982660,100,200
110,117.214,8.992,986182,100,200
119,120.139,8.321,988322,35,200
91,125.386,8.508,998590,1000,200
116,117.096,6.047,1009431,0,200
116,117.096,6.047,1016113,10,200
120,129.449,9.534,1022415,200,200
119,120.139,8.321,1026571,20,200
149,120.741,7.908,1029380,1000,200
131,116.323,8.22,1045562,400,200
94,131.911,8.771,1049153,200,200
93,125.76,8.542,1058450,1000,200
79,123.048,9.201,1066926,600,200
122,122.665,9.323,1068299,100,200
110,117.219,8.971,1072838,50,200
119,120.139,8.321,1103160,50,200
80,125.429,8.44,1104811,200,200
80,124.948,8.421,1106879,400,200
79,123.919,9.196,1109399,200,200
116,117.096,6.047,1109733,20,200
124,127.379,8.313,1119387,100,200
131,116.28,8.224,1120574,600,200
68,121.846,8.057,1124573,400,200
116,117.096,6.047,1124975,50,200
71,124.022,8.287,1133078,600,200
102,113.793,6.985,1147956,1000,200
95,114.054,8.556,1152619,400,200
143,135.59,9.392,1156039,200,200
102,113.857,7.006,1168184,200,200
93,126.241,8.623,1169116,100,200
117,121.009,8.897,1170465,1000,200
110,117.243,8.969,1178887,0,200
135,114.251,8.33,1183559,100,200
110,117.243,8.969,1200862,20,200
96,122.178,8.171,1203963,400,200
136,115.749,8.729,1204642,100,200
79,122.954,9.201,1216571,1000,200
117,121.009,8.897,1227575,600,200
120,129.285,9.539,1228093,400,200
68,121.331,7.994,1237242,600,200
73,116.751,8.235,1239334,200,200
71,124.071,8.281,1240815,400,200
69,125.508,8.534,1252941,100,200
78,121.718,8.202,1254229,200,200
80,125.732,8.429,1257836,50,200
94,130.978,8.757,1258244,400,200
123,124.028,8.853,1260938,400,200
83,115.817,2.822,1261467,200,200
120,129.147,9.565,1262957,1000,200
90,123.113,8.563,1273189,400,200
138,123.278,8.819,1283066,400,200
80,124.649,8.355,1290329,1000,200
120,129.244,9.549,1290441,600,200
110,117.243,8.969,1291110,10,200
91,126.29,8.533,1292218,100,200
85,122.135,9.391,1295062,600,200
123,123.997,8.855,1298118,1000,200
71,124.14,8.27,1301327,1000,200
92,129.228,9.274,1312614,100,200
100,125.202,9.41,1314202,1000,200
76,120.784,7.87,1323466,600,200
85,122.135,9.391,1329602,1000,200
96,122.198,8.172,1334942,600,200
147,107.538,8.456,1337291,100,200
100,125.212,9.409,1338301,600,200
110,117.219,8.971,1346064,35,200
102,113.851,7.025,1346199,100,200
95,114.092,8.549,1349014,600,200
119,120.139,8.321,1355821,10,200
96,122.266,8.197,1357567,1000,200
102,113.793,6.985,1360664,600,200
149,120.741,7.908,1361942,400,200
83,115.936,2.811,1365364,400,200
83,115.809,2.818,1370480,35,200
83,115.842,2.823,1374810,100,200
122,122.093,9.344,1385016,400,200
102,113.797,6.988,1386546,400,200
137,127.497,8.499,1389790,50,200
100,125.125,9.398,1394303,400,200
118,123.576,9.108,1398987,400,200
76,120.784,7.87,1399526,400,200
71,124.209,8.308,1413922,100,200
83,115.96,2.811,1413952,600,200
83,116.004,2.812,1418903,1000,200
118,123.661,9.13,1432022,200,200
80,125.699,8.429,1436313,20,200
68,121.912,8.041,1442318,200,200
83,115.732,2.829,1446544,10,200
83,115.732,2.829,1447462,20,200
138,123.245,8.834,1449950,1000,200
71,124.155,8.297,1459447,200,200
144,124.793,9.199,1459634,100,200
70,126.525,8.474,1461612,1000,200
118,123.559,9.091,1464985,1000,200
118,123.48,9.108,1471433,600,200
117,121.014,8.905,1477762,400,200
113,122.85,8.704,1488266,400,200
100,124.646,9.329,1490767,100,200
122,122.134,9.338,1493187,200,200
120,129.544,9.526,1493241,100,200
113,122.866,8.725,1530812,600,200
69,125.471,8.54,1533848,50,200
111,117.01,7.767,1535751,600,200
115,123.311,8.841,1536770,600,200
143,135.812,9.392,1543218,400,200
83,115.809,2.818,1551146,50,200
76,120.784,7.87,1558246,1000,200
122,122.775,9.325,1561174,50,200
78,121.554,8.21,1563748,600,200
90,123.15,8.576,1564262,200,200
102,114.038,7.025,1576280,35,200
84,118.501,8.151,1593226,200,200
149,120.758,7.933,1606814,200,200
95,114.092,8.549,1608116,1000,200
143,135.415,9.334,1612694,100,200
85,122.135,9.391,1616763,400,200
80,125.817,8.432,1618993,35,200
69,125.459,8.536,1619407,35,200
70,126.525,8.474,1625785,400,200
97,119.045,7.67,1626503,400,200
137,127.536,8.486,1626583,35,200
133,123.058,6.822,1637024,100,200
123,124.011,8.816,1639274,200,200
138,123.278,8.819,1650450,200,200
69,125.441,8.53,1654652,20,200
71,124.209,8.308,1672024,20,200
102,114.038,7.025,1672397,50,200
78,121.571,8.214,1679307,400,200
71,124.209,8.308,1680459,35,200
73,116.591,8.24,1687317,100,200
122,122.775,9.325,1688272,35,200
72,122.515,8.42,1700709,400,200
113,122.839,8.718,1703896,1000,200
124,127.454,8.316,1708191,50,200
69,125.441,8.53,1712681,10,200
122,122.818,9.323,1714282,20,200
120,129.63,9.517,1717910,50,200
134,119.643,9.027,1723437,600,200
71,124.209,8.308,1732961,50,200
104,124.472,9.2,1736242,600,200
111,117.033,7.763,1757278,1000,200
113,123.034,8.676,1758090,200,200
97,118.373,7.573,1758581,100,200
72,122.975,8.425,1760374,100,200
118,123.761,9.145,1767930,100,200
71,124.209,8.308,1773982,10,200
80,125.699,8.429,1781344,10,200
143,135.821,9.424,1788291,600,200
111,117.018,7.764,1792350,200,200
90,123.088,8.558,1795456,600,200
95,114.64,8.519,1796758,50,200
78,121.413,8.217,1799133,1000,200
102,114.038,7.025,1803988,20,200
104,124.472,9.2,1827160,1000,200
84,118.526,8.19,1827693,400,200
72,122.672,8.427,1834300,200,200
72,122.441,8.421,1835090,600,200
76,120.834,7.907,1845139,200,200
111,117.022,7.762,1848982,400,200
119,120.139,8.321,1851622,0,200
115,123.278,8.864,1851795,1000,200
147,107.538,8.456,1853897,50,200
124,127.476,8.321,1854864,35,200
70,126.525,8.474,1855426,600,200
94,130.959,8.767,1867336,600,200
133,123.092,6.678,1883080,400,200
84,118.551,8.202,1884221,600,200
117,120.965,8.906,1887426,200,200
96,123.083,8.203,1890876,100,200
135,114.303,8.316,1895481,50,200
90,123.084,8.548,1897288,1000,200
143,135.39,9.321,1903423,50,200
69,125.441,8.53,1905262,0,200
78,122.068,8.192,1929469,100,200
146,123.583,8.882,1942773,1000,200
70,126.409,8.452,1951646,200,200
146,123.583,8.882,1953878,600,200
134,119.643,9.027,1958139,1000,200
102,114.038,7.025,1968895,0,200
103,124.172,7.945,1977731,1000,200
118,123.806,9.141,1978271,50,200
122,122.818,9.323,1980802,10,200
120,129.65,9.517,1985400,20,200
103,124.172,7.945,1987371,600,200
137,127.542,8.489,1987840,20,200
72,122.388,8.441,1988866,1000,200
120,129.633,9.518,1996281,35,200
140,118.689,7.95,2027571,200,200
70,126.325,8.446,2035282,100,200
115,123.311,8.841,2043056,400,200
73,116.783,8.236,2046786,20,200
103,124.191,7.94,2052107,400,200
102,114.038,7.025,2053895,10,200
73,116.771,8.234,2054200,50,200
109,129.36,8.853,2075256,1000,200
146,123.583,8.882,2091621,400,200
71,124.209,8.308,2105480,0,200
134,121.121,9.052,2117931,100,200
117,120.965,8.906,2118242,100,200
81,121.601,7.762,2132547,200,200
85,122.063,9.389,2134590,200,200
114,121.864,9.335,2137969,200,200
73,116.969,8.298,2142831,400,200
107,126.042,8.856,2143773,1000,200
98,124.064,8.943,2144381,200,200
98,124.502,8.948,2144892,400,200
109,129.296,8.854,2162186,600,200
140,118.722,7.97,2164249,35,200
140,118.722,7.97,2171562,0,200
115,123.326,8.848,2173027,200,200
117,120.975,8.908,2174932,35,200
73,116.783,8.236,2180342,10,200
127,114.177,8.037,2194766,200,200
73,116.771,8.234,2195254,35,200
101,128.61,8.938,2198979,200,200
83,115.732,2.829,2199956,0,200
105,123.95,8.994,2209110,600,200
117,120.942,8.906,2214108,20,200
133,123.085,6.672,2222323,600,200
117,120.975,8.908,2223478,50,200
75,124.254,8.74,2232648,100,200
118,123.806,9.141,2234562,20,200
98,124.587,8.948,2236037,600,200
140,118.644,7.942,2238328,400,200
120,129.65,9.517,2256766,10,200
81,121.723,7.786,2257006,1000,200
105,123.961,8.996,2264748,1000,200
107,126.042,8.856,2268088,600,200
111,117.053,7.755,2277251,20,200
81,121.681,7.778,2278912,600,200
81,121.532,7.743,2283268,100,200
68,121.764,8.052,2289252,35,200
147,107.538,8.456,2290557,35,200
137,127.542,8.489,2292890,10,200
140,118.722,7.97,2294292,100,200
144,124.899,9.185,2294738,50,200
68,121.764,8.052,2297498,50,200
101,128.716,8.96,2303500,400,200
146,123.384,8.9,2306394,200,200
140,118.722,7.97,2307860,20,200
81,121.532,7.743,2308890,35,200
95,114.64,8.519,2309882,35,200
118,123.806,9.141,2311667,35,200
111,117.033,7.763,2312124,100,200
122,121.578,9.346,2318265,1000,200
107,126.058,8.859,2320341,400,200
98,124.636,8.949,2320812,1000,200
143,135.917,9.416,2321859,1000,200
140,118.722,7.97,2337180,10,200
72,122.975,8.425,2337395,50,200
81,121.681,7.778,2342718,400,200
117,120.942,8.906,2346879,10,200
140,118.722,7.97,2355130,50,200
104,124.472,9.2,2360539,400,200
132,108.05,7.914,2363839,100,200
84,118.55,8.216,2366406,1000,200
81,121.532,7.743,2373677,50,200
78,122.212,8.202,2379186,50,200
124,127.514,8.315,2385641,20,200
131,116.185,8.25,2391628,100,200
84,118.506,8.126,2398539,100,200
122,122.818,9.323,2403397,0,200
75,123.988,8.753,2406488,200,200
101,128.676,8.97,2412417,600,200
103,124.236,7.934,2419243,200,200
79,124.093,9.181,2420014,100,200
109,129.316,8.856,2420372,400,200
74,119.662,7.583,2422231,600,200
97,119.06,7.681,2430514,600,200
68,121.818,8.05,2435293,100,200
111,117.053,7.755,2439249,0,200
117,120.942,8.906,2451028,0,200
143,135.375,9.328,2453155,35,200
80,125.699,8.429,2457648,0,200
93,126.23,8.629,2485563,50,200
73,116.783,8.236,2492406,0,200
100,124.736,9.321,2496173,50,200
120,129.65,9.517,2497755,0,200
140,118.647,7.942,2518062,1000,200
118,123.806,9.141,2525864,10,200
114,121.645,9.313,2526828,400,200
105,123.988,8.995,2529475,400,200
94,132.001,8.756,2530446,100,200
111,117.053,7.755,2535833,50,200
75,124.254,8.74,2541425,50,200
133,123.071,6.665,2550260,1000,200
112,108.742,7.397,2550977,1000,200
74,119.685,7.587,2559768,400,200
147,107.538,8.456,2578714,20,200
99,127.568,9.496,2595290,1000,200
127,114.219,7.983,2599257,400,200
121,124.721,8.823,2601234,200,200
144,124.899,9.185,2603808,35,200
118,123.806,9.141,2607379,0,200
81,121.532,7.743,2611420,20,200
112,108.742,7.397,2620630,600,200
74,119.64,7.583,2625490,1000,200
90,123.119,8.614,2630226,100,200
149,120.758,7.933,2630479,100,200
111,117.053,7.755,2631854,10,200
74,119.759,7.596,2652403,200,200
135,114.303,8.316,2666430,35,200
75,124.254,8.74,2678856,20,200
133,123.058,6.822,2679134,50,200
94,130.869,8.767,2679672,1000,200
136,115.713,8.722,2692115,50,200
124,127.514,8.315,2707336,10,200
115,123.278,8.819,2708781,100,200
138,123.278,8.819,2708781,100,200
150,124.645,8.755,2709961,100,200
111,117.053,7.755,2712352,35,200
112,108.742,7.397,2715955,400,200
70,126.319,8.439,2734214,50,200
75,124.254,8.74,2749396,35,200
137,127.542,8.489,2760350,0,200
99,127.632,9.481,2764941,200,200
146,123.384,8.923,2784647,100,200
85,122.146,9.372,2793644,100,200
114,122.146,9.372,2793644,100,200
113,123.102,8.674,2797115,100,200
78,122.212,8.202,2798278,35,200
105,123.927,9.001,2814105,200,200
90,122.915,8.688,2815878,50,200
103,124.235,7.925,2820734,100,200
114,121.645,9.313,2841987,600,200
138,123.324,8.809,2842446,50,200
84,118.499,8.114,2847496,50,200
132,107.66,7.891,2850806,1000,200
106,122.563,8.769,2859024,600,200
70,126.319,8.439,2866508,35,200
72,123.046,8.422,2872006,20,200
140,118.658,7.942,2876594,600,200
109,129.241,8.864,2879799,200,200
104,124.472,9.2,2879880,200,200
132,107.861,7.903,2880950,200,200
74,119.904,7.604,2881494,100,200
81,121.532,7.743,2889000,10,200
73,117.049,8.309,2889994,600,200
101,128.731,8.977,2904258,1000,200
138,123.324,8.809,2909261,35,200
150,124.645,8.755,2920094,50,200
68,121.764,8.052,2928892,10,200
79,124.158,9.164,2929360,50,200
101,128.595,8.905,2932609,100,200
68,121.764,8.052,2937665,20,200
144,124.899,9.185,2940633,20,200
88,122.067,7.991,2953322,400,200
95,114.64,8.519,2961186,20,200
132,107.743,7.893,2961224,400,200
106,122.605,8.76,2963908,1000,200
99,127.578,9.495,2967292,600,200
91,126.265,8.526,2967880,50,200
132,107.743,7.893,2982062,600,200
99,127.607,9.492,2984314,400,200
133,123.058,6.822,2989227,35,200
75,124.254,8.74,2992032,10,200
88,122.067,7.991,3016828,600,200
78,122.212,8.202,3031550,20,200
114,121.562,9.308,3043083,1000,200
127,114.259,7.983,3060832,600,200
138,123.324,8.809,3071660,20,200
76,120.834,7.907,3077226,100,200
143,135.346,9.321,3077697,0,200
70,126.291,8.439,3080353,20,200
88,122.134,7.989,3088726,1000,200
143,135.346,9.321,3096014,20,200
150,124.766,8.75,3099503,1000,200
107,126.129,8.861,3109868,200,200
75,123.783,8.726,3112345,400,200
138,123.324,8.809,3116522,0,200
134,121.191,9.055,3123507,50,200
133,123.043,6.822,3129783,10,200
72,122.975,8.425,3134406,35,200
103,124.29,7.916,3140190,50,200
92,129.254,9.28,3140312,50,200
77,123.88,8.356,3143943,1000,200
97,119.156,7.698,3146629,1000,200
132,108.05,7.914,3149200,50,200
99,127.702,9.465,3155165,100,200
70,126.291,8.439,3155502,10,200
106,122.603,8.761,3156592,400,200
84,118.499,8.114,3163261,35,200
96,123.079,8.203,3169606,50,200
100,124.736,9.321,3180812,35,200
115,123.301,8.815,3193918,10,200
124,127.514,8.315,3209840,0,200
121,124.695,8.821,3223082,400,200
147,107.538,8.456,3236588,0,200
107,126.22,8.856,3239322,100,200
72,123.046,8.422,3245266,10,200
115,123.301,8.815,3246181,50,200
128,120.957,7.34,3247055,200,200
70,126.291,8.439,3257456,0,200
103,124.29,7.916,3279928,10,200
150,124.777,8.756,3281735,400,200
115,123.301,8.815,3284451,0,200
138,123.324,8.809,3287363,10,200
115,123.301,8.815,3294791,35,200
88,121.962,7.994,3294830,200,200
150,124.645,8.755,3295636,20,200
150,124.645,8.755,3316765,35,200
144,124.899,9.185,3317590,10,200
97,118.305,7.561,3321670,50,200
88,121.826,7.999,3322727,100,200
77,123.869,8.355,3327190,400,200
133,123.043,6.822,3346317,20,200
98,123.9,8.957,3348562,100,200
150,124.766,8.75,3351302,600,200
84,118.499,8.114,3356480,10,200
112,108.774,7.4,3361219,200,200
103,124.29,7.916,3366517,0,200
143,135.346,9.321,3367888,10,200
75,124.254,8.74,3380817,0,200
147,107.538,8.456,3391526,10,200
123,123.961,8.801,3394950,100,200
95,114.64,8.519,3412866,10,200
136,115.713,8.722,3415053,35,200
121,124.742,8.821,3418118,600,200
90,122.915,8.688,3425774,35,200
78,122.212,8.202,3426552,10,200
77,123.88,8.356,3428928,600,200
109,129.226,8.868,3451270,100,200
106,122.563,8.769,3480279,200,200
84,118.499,8.114,3489968,20,200
108,123.667,8.681,3497456,600,200
103,124.29,7.916,3501772,20,200
73,117.136,8.308,3515576,1000,200
149,120.758,7.933,3522223,50,200
150,124.796,8.78,3548022,200,200
100,124.736,9.321,3559454,20,200
144,124.899,9.185,3570317,0,200
99,127.722,9.461,3571168,50,200
146,123.319,8.924,3571481,50,200
103,124.29,7.916,3573658,35,200
127,114.247,7.975,3575598,1000,200
91,126.26,8.527,3579020,35,200
89,121.253,7.096,3608540,600,200
149,120.758,7.933,3610594,35,200
121,124.862,8.828,3619297,1000,200
101,128.588,8.898,3621129,50,200
132,108.05,7.914,3629313,35,200
93,126.205,8.63,3637071,35,200
99,127.73,9.46,3638218,35,200
115,123.301,8.815,3644904,20,200
74,119.904,7.604,3658652,50,200
79,124.158,9.164,3680800,35,200
85,122.127,9.356,3681080,50,200
114,122.127,9.356,3681080,50,200
135,114.303,8.316,3690924,20,200
105,123.927,9.001,3698318,100,200
84,118.499,8.114,3701940,0,200
131,116.105,8.246,3711330,50,200
104,124.472,9.2,3711980,100,200
113,123.137,8.63,3726107,50,200
127,114.123,8.054,3729923,100,200
72,123.046,8.422,3739770,0,200
106,122.568,8.771,3746408,0,200
92,129.248,9.279,3754784,35,200
79,124.158,9.164,3760436,10,200
75,123.756,8.723,3760483,600,200
108,123.667,8.681,3762650,1000,200
99,127.757,9.457,3762784,0,200
150,124.645,8.755,3778765,0,200
128,120.911,7.293,3786790,400,200
104,124.458,9.201,3796239,35,200
68,121.764,8.052,3799006,0,200
134,121.191,9.055,3800922,35,200
79,124.158,9.164,3809778,20,200
150,124.645,8.755,3818470,10,200
99,127.757,9.457,3822154,20,200
109,129.204,8.869,3825399,50,200
99,127.757,9.457,3845519,10,200
96,123.079,8.203,3846516,35,200
108,123.607,8.684,3848710,400,200
95,114.64,8.519,3868562,0,200
104,124.458,9.201,3871544,0,200
106,122.598,8.77,3872958,100,200
132,108.05,7.914,3876595,10,200
90,122.915,8.688,3881966,20,200
107,126.22,8.856,3888698,50,200
107,126.22,8.856,3892464,20,200
107,126.22,8.856,3893816,35,200
78,122.212,8.202,3900717,0,200
74,119.904,7.604,3927406,35,200
104,124.458,9.201,3929401,50,200
106,122.598,8.77,3929772,50,200
104,124.458,9.201,3935269,10,200
100,124.736,9.321,3939820,0,200
133,123.043,6.822,3939971,0,200
107,126.22,8.856,3943581,0,200
112,108.821,7.393,3967192,100,200
121,124.854,8.795,3969591,100,200
107,126.22,8.856,3985616,10,200
104,124.458,9.201,4009147,20,200
76,120.834,7.907,4011343,50,200
106,122.568,8.771,4031438,10,200
109,129.204,8.869,4044861,35,200
113,123.137,8.63,4047138,35,200
77,123.844,8.355,4058987,200,200
81,121.532,7.743,4069129,0,200
149,120.758,7.933,4077714,20,200
135,114.303,8.316,4089628,10,200
100,124.736,9.321,4095828,10,200
85,122.127,9.356,4107011,35,200
114,122.127,9.356,4107011,35,200
87,113.978,8.497,4108089,100,200
123,123.802,8.797,4115638,50,200
94,132.056,8.75,4140682,50,200
136,115.689,8.722,4151259,20,200
106,122.568,8.771,4157434,20,200
132,108.05,7.914,4160627,20,200
74,119.917,7.608,4167092,0,200
76,120.834,7.907,4169241,35,200
74,119.917,7.608,4174664,20,200
109,129.178,8.869,4181334,20,200
89,121.471,7.091,4193368,100,200
75,123.756,8.723,4193842,1000,200
105,123.927,8.988,4196701,50,200
87,113.719,8.474,4199704,600,200
146,123.319,8.924,4232838,35,200
134,121.209,9.057,4236630,20,200
101,128.588,8.898,4238094,35,200
87,113.868,8.489,4246458,200,200
142,119.061,7.456,4261162,1000,200
109,129.178,8.869,4263708,10,200
131,116.105,8.246,4271695,35,200
89,121.253,7.096,4280570,400,200
101,128.603,8.893,4292246,20,200
89,121.204,7.098,4306070,1000,200
106,122.598,8.77,4306473,35,200
90,122.915,8.688,4324542,10,200
77,123.819,8.354,4328557,100,200
76,120.834,7.907,4346808,10,200
149,120.758,7.933,4349132,10,200
126,122.468,8.333,4353572,1000,200
126,122.462,8.331,4357962,400,200
109,129.178,8.869,4364418,0,200
108,123.534,8.679,4367244,200,200
85,122.139,9.352,4405716,20,200
114,122.139,9.352,4405716,20,200
129,128.903,8.7,4419195,1000,200
145,128.903,8.7,4419195,1000,200
91,126.25,8.526,4424512,20,200
101,128.603,8.893,4428074,10,200
142,119.067,7.458,4443034,600,200
112,108.821,7.393,4445131,50,200
149,120.758,7.933,4446242,0,200
97,118.305,7.561,4446384,35,200
77,123.819,8.354,4477674,0,200
132,108.05,7.914,4487080,0,200
112,108.821,7.393,4496652,10,200
126,122.431,8.331,4498322,200,200
77,123.819,8.354,4500312,35,200
126,122.458,8.333,4511567,600,200
98,123.886,8.951,4520188,50,200
76,120.834,7.907,4525849,20,200
129,128.837,8.694,4528466,400,200
145,128.837,8.694,4528466,400,200
105,123.927,8.988,4530796,35,200
112,108.821,7.393,4535416,20,200
77,123.819,8.354,4546849,20,200
113,123.137,8.63,4590986,20,200
142,119.097,7.458,4594206,400,200
105,123.927,8.988,4595665,20,200
128,121.008,7.358,4606422,100,200
146,123.319,8.924,4612199,10,200
94,132.056,8.75,4612682,35,200
88,121.826,7.999,4620241,50,200
112,108.821,7.393,4624447,35,200
128,120.911,7.293,4624544,600,200
135,114.303,8.316,4626557,0,200
85,122.139,9.352,4628724,10,200
114,122.139,9.352,4628724,10,200
129,128.879,8.696,4637844,600,200
145,128.879,8.696,4637844,600,200
129,128.744,8.687,4638356,200,200
145,128.744,8.687,4638356,200,200
74,119.917,7.608,4638866,10,200
113,123.137,8.63,4649568,0,200
113,123.137,8.63,4653321,10,200
129,128.555,8.649,4657883,20,200
146,123.319,8.924,4658342,0,200
77,123.819,8.354,4665621,10,200
123,123.802,8.797,4673147,35,200
101,128.603,8.893,4677286,0,200
112,108.821,7.393,4686094,0,200
92,129.275,9.281,4686814,20,200
88,121.826,7.999,4688472,35,200
146,123.319,8.924,4692174,20,200
88,121.826,7.999,4695662,20,200
126,122.439,8.326,4736579,35,200
79,124.158,9.164,4742817,0,200
77,123.819,8.354,4756010,50,200
89,121.311,7.099,4756375,200,200
151,124.075,8.48,4764698,50,200
151,124.261,8.486,4772136,1000,200
98,123.886,8.951,4776130,35,200
126,122.439,8.326,4777692,10,200
87,113.719,8.474,4777904,1000,200
87,113.788,8.48,4785726,400,200
87,113.978,8.497,4787881,50,200
126,122.439,8.326,4804008,20,200
126,122.439,8.326,4805896,100,200
87,113.978,8.497,4807134,35,200
126,122.439,8.326,4820508,0,200
151,124.075,8.48,4841300,100,200
96,123.079,8.203,4853130,20,200
151,124.202,8.484,4858984,400,200
93,126.229,8.629,4860828,20,200
128,120.896,7.277,4887785,1000,200
134,121.209,9.057,4912362,10,200
98,123.886,8.951,4914151,20,200
90,122.915,8.688,4915434,0,200
136,115.689,8.722,4917734,10,200
105,123.927,8.988,4942705,0,200
151,124.075,8.48,4960424,0,200
126,122.439,8.326,4972873,50,200
97,118.263,7.556,4983351,20,200
151,124.075,8.48,4987159,35,200
129,128.666,8.673,4996896,100,200
145,128.666,8.673,4996896,100,200
142,119.12,7.457,5001160,200,200
131,116.075,8.244,5028697,20,200
108,123.484,8.676,5032350,100,200
142,119.162,7.454,5044149,50,200
88,121.826,7.999,5045329,10,200
88,121.826,7.999,5063686,0,200
96,123.079,8.203,5069778,10,200
94,132.084,8.751,5071839,20,200
142,119.162,7.454,5096432,100,200
91,126.25,8.526,5109836,10,200
105,123.927,8.988,5123516,10,200
129,128.555,8.649,5141556,10,200
87,113.978,8.497,5171608,20,200
151,124.261,8.486,5185989,600,200
85,122.139,9.352,5195216,0,200
114,122.139,9.352,5195216,0,200
98,123.886,8.951,5212538,10,200
87,113.978,8.497,5216660,10,200
121,124.854,8.795,5238380,50,200
151,124.075,8.48,5247769,10,200
121,124.854,8.795,5289197,35,200
87,113.978,8.497,5294585,0,200
151,124.075,8.48,5295152,20,200
127,114.1,8.058,5312078,50,200
91,126.25,8.526,5328348,0,200
129,128.607,8.669,5331853,50,200
145,128.607,8.669,5331853,50,200
96,123.079,8.203,5332042,0,200
76,120.834,7.907,5371808,0,200
108,123.418,8.673,5432840,50,200
98,123.886,8.951,5437154,0,200
89,121.471,7.091,5439054,50,200
134,121.209,9.057,5448778,0,200
151,124.164,8.484,5469166,200,200
123,123.802,8.797,5478766,20,200
121,124.854,8.795,5482560,10,200
131,116.075,8.244,5494316,10,200
142,119.187,7.454,5499554,10,200
142,119.187,7.454,5515764,0,200
136,115.689,8.722,5529908,0,200
92,129.275,9.281,5533703,10,200
129,128.555,8.649,5570348,0,200
142,119.187,7.454,5570466,20,200
108,123.418,8.673,5684168,35,200
121,124.854,8.795,5695464,0,200
121,124.854,8.795,5709014,20,200
142,119.162,7.454,5740942,35,200
93,126.229,8.629,5756566,10,200
97,118.263,7.556,5828330,10,200
131,116.075,8.244,5846047,0,200
141,108.865,7.74,5859462,600,200
89,121.471,7.091,5910310,35,200
127,114.1,8.058,5981796,35,200
123,123.802,8.797,6040732,10,200
89,121.484,7.091,6056541,10,200
89,121.484,7.091,6109548,0,200
129,128.607,8.669,6110482,35,200
145,128.607,8.669,6110482,35,200
92,129.275,9.281,6127608,0,200
89,121.484,7.091,6143400,20,200
108,123.418,8.673,6155110,20,200
141,108.865,7.74,6217380,1000,200
108,123.418,8.673,6253900,10,200
141,108.861,7.747,6275236,200,200
141,108.872,7.757,6341126,100,200
141,108.865,7.74,6342620,400,200
145,128.563,8.674,6373556,20,200
94,132.084,8.751,6399812,10,200
123,123.802,8.797,6413020,0,200
127,114.092,8.056,6451144,20,200
97,118.263,7.556,6480546,0,200
127,114.092,8.056,6498009,10,200
108,123.418,8.673,6603384,0,200
145,128.563,8.674,6641460,10,200
93,126.229,8.629,6730447,0,200
128,121.008,7.358,6737254,50,200
94,132.084,8.751,6824024,0,200
141,108.872,7.757,6826228,20,200
141,108.872,7.757,6826344,35,200
141,108.872,7.757,6847618,50,200
141,108.872,7.757,6939964,10,200
141,108.872,7.757,7025088,0,200
145,128.563,8.674,7111548,0,200
127,114.092,8.056,7180598,0,200
128,121.008,7.358,7374226,35,200
128,121.015,7.359,8287453,20,200
128,121.015,7.359,8780942,10,200
128,121.015,7.359,9256648,0,200
152,126.709,7.742,25689606,600,200
152,126.709,7.742,26897944,400,200
152,126.687,7.747,27802932,1000,200
152,126.723,7.739,29376492,200,200
152,126.723,7.739,31311846,100,200
152,126.723,7.739,32090748,50,200
152,126.723,7.739,32324960,35,200
152,126.723,7.739,32508786,0,200
152,126.723,7.739,32717064,10,200
152,126.723,7.739,32848226,20,200
